model,accuracy,f1,precision,recall,time_taken
LGBMClassifier,0.9543492063492064,0.9543508604155619,0.9543600390390656,0.9543492063492064,8.751021782557169
KNeighborsClassifier,0.953015873015873,0.9529249189188399,0.9529304369610642,0.953015873015873,1.8324788411458333
RandomForestClassifier,0.9395714285714286,0.939482154886029,0.9395586379815266,0.9395714285714286,52.257686694463096
LogisticRegression,0.9145714285714286,0.9143929905023181,0.9143079937641799,0.9145714285714286,7.3050856590271
DecisionTreeClassifier,0.8195555555555556,0.8196897723856664,0.8198767406848754,0.8195555555555556,10.42168641090393
GaussianNB,0.565,0.5445856910794162,0.6341073914724984,0.565,0.1990779240926107
