model,accuracy,f1,precision,recall,time_taken
LogisticRegression,0.8473571428571428,0.847294805049545,0.8488178392326513,0.8473571428571428,8.754379351933798
GaussianNB,0.4933142857142857,0.4784374828545278,0.5860220526518707,0.4933142857142857,0.21289261182149252
SVC,0.9188714285714286,0.9198254742257573,0.9230583314453582,0.9188714285714286,120.56063723564148
RandomForestClassifier,0.8933714285714286,0.8932362196677445,0.8933850280592084,0.8933714285714286,55.681677420934044
KNeighborsClassifier,0.9088,0.90860112656133,0.9087965529743499,0.9088,2.0054702758789062
SGDClassifier,0.7939428571428572,0.8033851658763193,0.832480504891648,0.7939428571428572,63.79566486676534
DecisionTreeClassifier,0.7644285714285715,0.7643444846628011,0.7643544240076426,0.7644285714285715,11.43959108988444
GradientBoostingClassifier,0.8693714285714286,0.8691022824446125,0.8691500975088905,0.8693714285714286,1854.0120700200398
